timestamp,src_ip,dst_ip,proto,sport,dport,flags,status
1759864820.606282,172.29.14.36,8.8.8.8,1,0,0,0,OK
1759864820.625777,8.8.8.8,172.29.14.36,1,0,0,0,OK
1759864821.608128,172.29.14.36,8.8.8.8,1,0,0,0,OK
1759864821.626456,8.8.8.8,172.29.14.36,1,0,0,0,OK
1759864822.609828,172.29.14.36,8.8.8.8,1,0,0,0,OK
1759864822.628564,8.8.8.8,172.29.14.36,1,0,0,0,OK
1759864823.611884,172.29.14.36,8.8.8.8,1,0,0,0,OK
1759864823.628582,8.8.8.8,172.29.14.36,1,0,0,0,OK
1759864824.613972,172.29.14.36,8.8.8.8,1,0,0,0,OK
1759864824.636097,8.8.8.8,172.29.14.36,1,0,0,0,OK
1759864825.615571,172.29.14.36,8.8.8.8,1,0,0,0,OK
1759864825.633553,8.8.8.8,172.29.14.36,1,0,0,0,OK
1759864826.617063,172.29.14.36,8.8.8.8,1,0,0,0,OK
1759864826.635648,8.8.8.8,172.29.14.36,1,0,0,0,OK
